,vac_pump_time,vac_pump_idx,vac_stable_time,vac_stable_idx,pre_rise_time,pre_rise_idx,pre_stable_time,pre_stable_idx,pre_relief_time,pre_relief_idx,pro_end_time,pro_end_idx,running_time,pump,v_max,v_min,v_std,vd_max,vd_min,vd_std,rise,p_max,p_min,p_std,pd_max,pd_min,pd_std,relief
0,2020-04-08 12:51:00.457157000,3141,2020-04-08 13:24:00.535299900,3174,2020-04-08 18:09:01.058550500,3459,2020-04-08 18:51:01.164748500,3501,2020-04-08 19:02:01.162438800,3512,2020-04-09 13:49:03.847480500,4639,1498.0565053833334,33.00130236666667,4.458042144775391,0.0,0.5039009087180447,0.2322831153869629,-0.2321968078613281,0.0413862014242354,42.00176996666666,6.306943416595459,6.082605838775635,0.0803131856839391,0.0458874702453613,-0.0885663032531738,0.0410102187979931,1127.0447506833334
1,2020-04-18 08:20:21.681157600,16958,2020-04-18 08:48:21.733311400,16986,2020-04-18 15:45:22.578659000,17403,2020-04-18 16:31:22.666580900,17449,2020-04-20 09:01:27.237207800,19879,2020-04-20 09:28:27.273231200,19906,2948.093201216667,28.00086921666667,2.922647714614868,0.0,0.3567548373578242,0.2001652717590325,-0.3113665580749511,0.0499354540011113,46.00146535,6.495591163635254,6.097901821136475,0.0764076751156213,0.063732624053955,-0.0599513053894043,0.0084485807046528,27.00060038333333
2,2020-04-20 09:59:10.285340400,19937,2020-04-20 10:30:10.353725200,19969,2020-04-20 16:11:29.641535900,20309,2020-04-20 16:53:29.716550000,20351,2020-04-21 08:42:59.722770000,21299,2020-04-21 09:11:59.792791100,21328,1392.825124166667,31.00113973333333,2.910266637802124,0.0,0.3247300603062262,0.4326145648956301,-0.2470541000366211,0.0552070168279333,42.00125023333333,6.498798370361328,6.105549335479736,0.0391450805342457,0.1000809669494628,-0.0599503517150878,0.0085763379932491,29.001167016666667
3,2020-04-21 12:49:00.244535100,21545,2020-04-21 13:19:00.318168800,21575,2020-04-21 17:58:00.890400900,21854,2020-04-21 18:41:00.982356000,21897,2020-04-21 18:46:00.994446300,21902,2020-04-22 10:06:26.726725400,22822,1277.4413698333333,30.001227216666667,2.7222867012023926,0.0,0.2578455208789106,0.161219835281372,-0.30019211769104,0.0421021323962289,43.00153258333333,6.171831130981445,6.00612735748291,0.0736210938789141,0.0688309669494628,0.0356898307800293,0.0145705348809918,920.4288713166668
4,2020-04-22 12:55:27.061794800,22991,2020-04-22 13:25:27.076399100,23021,2020-04-22 18:02:27.557560300,23298,2020-04-22 18:41:27.682108300,23337,2020-04-23 07:52:28.982306500,24128,2020-04-23 08:16:29.018509200,24152,1161.0326119,30.0002434,2.734398126602173,0.0,0.314474074810973,0.208561897277832,-0.2694790363311767,0.0461282067810331,39.00207579999999,6.498798370361328,6.0469160079956055,0.0384755376498666,0.0713801383972168,-0.059950828552246,0.0091742886357277,24.000603366666667
5,2020-04-23 08:49:29.072546000,24185,2020-04-23 09:18:29.131031800,24214,2020-04-23 15:03:29.702562500,24559,2020-04-23 15:43:29.775105500,24599,2020-04-23 16:13:29.812083100,24629,2020-04-25 08:30:33.506748200,27046,2861.073903366667,29.00097475,2.853746175765991,0.0,0.285935381217121,1.2486518621444702,-0.3068037033081054,0.0810015077146808,40.00120905000001,6.482844829559326,6.052014350891113,0.1154454276124347,0.0739293098449707,-0.4078865051269531,0.0820122602117401,2417.06157775
6,2020-04-25 09:04:33.591572000,27080,2020-04-25 09:35:33.612501500,27111,2020-04-25 15:15:34.291319200,27451,2020-04-25 15:56:34.392340100,27492,2020-04-27 07:52:39.290106200,29888,2020-04-27 08:17:39.332116700,29913,2833.0956757333333,31.000348816666666,2.8823885917663574,0.0,0.2934722774695536,0.2263611555099489,-0.2739522457122803,0.0403810787027881,41.001683666666665,6.467548370361328,6.036718845367432,0.0350229627252455,0.168252944946289,-0.3670978546142587,0.0109314480531049,25.000700166666665
7,2020-04-27 08:59:39.416217800,29955,2020-04-27 09:29:39.481452200,29985,2020-04-27 14:09:40.064087700,30265,2020-04-27 14:48:40.137896600,30304,2020-04-27 17:23:40.452110400,30459,2020-04-27 17:47:40.495874700,30483,528.0179942666667,30.001087233333333,2.8707797527313232,0.0,0.3340202272353368,0.6705598831176758,-0.3357150554656984,0.0737085066317026,39.00123013333334,6.495591163635254,6.0469160079956055,0.0600900502291892,0.0790281295776367,-0.059950828552246,0.0138928289062164,24.0007294
8,2020-04-30 12:59:48.417817900,34515,2020-04-30 13:30:48.524123500,34546,2020-04-30 18:47:49.108694600,34863,2020-04-30 19:31:49.187594900,34907,2020-05-01 08:56:50.651181300,35712,2020-05-01 09:21:50.710866900,35737,1222.0382174833333,31.00177175,3.050642251968384,0.0,0.3218146464114491,0.2981529235839844,-0.4280698299407963,0.0502887544116718,44.001315,6.498798370361328,6.034169673919678,0.0398426509167481,0.0790276527404785,-0.059950828552246,0.0089839882732895,25.00099475
9,2020-05-07 16:00:18.488865500,44772,2020-05-07 16:39:18.571865500,44811,2020-05-07 21:52:19.303735900,45124,2020-05-07 22:31:19.398196000,45163,2020-05-08 13:23:21.464379600,46055,2020-05-08 13:55:21.531944700,46087,1315.0507179833332,39.00138333333334,2.907022714614868,0.0,0.3946515518205778,0.2236847877502437,-0.2672235965728757,0.0270049788339735,39.00157433333333,6.490492343902588,6.067310333251953,0.0368886091073109,0.0917744636535644,-0.2243375778198242,0.0103318710359503,32.00112608333333
10,2020-05-12 13:01:28.291792200,49610,2020-05-12 13:32:28.387728000,49641,2020-05-12 18:10:29.082950400,49919,2020-05-12 18:52:29.182152300,49961,2020-05-13 13:05:31.942251800,51054,2020-05-13 13:27:31.994487300,51076,1466.0617115833334,31.00159891666667,2.906019687652588,0.0,0.3151650879032317,1.4028409719467163,-0.2069745063781738,0.0958769963505361,42.00165335,6.487942695617676,6.082605838775635,0.0338359729491595,0.0637321472167968,-0.0599513053894043,0.0077940335385471,22.00087058333333
11,2020-05-14 12:59:35.510383400,52488,2020-05-14 13:32:35.602444000,52521,2020-05-14 18:37:34.331170100,52826,2020-05-14 19:17:34.427827900,52866,2020-05-15 08:21:36.413569100,53650,2020-05-15 08:44:36.457825600,53673,1185.0157907,33.00153433333333,3.0029780864715576,0.0,0.3695124439466352,0.8171359300613408,-0.9498984813690186,0.0955195283271694,40.00161095,6.487942695617676,6.090911865234375,0.0447101999088051,0.0611829757690429,-0.0599513053894043,0.0088089858669751,23.0007376
12,2020-05-28 08:52:57.952496500,66014,2020-05-28 09:24:58.031811500,66046,2020-05-28 14:12:58.781525300,66334,2020-05-28 14:56:58.893433200,66378,2020-05-28 15:20:58.947417700,66402,2020-05-29 10:10:01.802101500,67531,1517.0641600833333,32.00132191666667,3.7786030769348153,0.0,0.4983742952246254,0.2204995155334472,-0.3248519897460933,0.0560132415052412,44.00186511666666,6.485393524169922,6.064760684967041,0.1202622031288377,0.0694890022277823,-0.0178451538085937,0.0219530823806575,1129.04757805
13,2020-06-02 13:37:16.522610100,73494,2020-06-02 14:11:16.571895300,73528,2020-06-02 18:50:17.308300400,73807,2020-06-02 19:34:17.391217700,73851,2020-06-03 12:49:19.831126500,74886,2020-06-03 13:12:19.881825900,74909,1415.0559869166668,34.00082141666667,2.809755563735962,0.0,0.3726988268666216,0.3508648872375488,-0.207430362701416,0.0465338674371688,44.00138195,6.498140335083008,6.011226177215576,0.0362070493933844,0.1198163032531738,-0.0599513053894043,0.0080948013286928,23.00084498333333
14,2020-06-19 13:13:50.878009500,97466,2020-06-19 15:32:51.174893400,97605,2020-06-19 19:46:51.731017600,97859,2020-06-19 20:30:51.829282600,97903,2020-06-19 22:23:52.056621300,98016,2020-06-20 08:39:53.332607600,98632,1166.0409099666665,139.00494805000002,4.297747611999512,0.0,0.3961572836810159,0.4067821502685547,-0.033715009689331,0.0298658837887156,44.00163775,6.526841163635254,6.008676528930664,0.1389541293351934,0.1198163032531738,-0.0567431449890136,0.0200363562909041,616.0212664333334
15,2020-07-04 13:14:28.433937100,118687,2020-07-04 13:44:28.512132000,118717,2020-07-04 18:40:29.181320800,119013,2020-07-04 19:17:29.277788400,119050,2020-07-06 07:51:33.929669800,121244,2020-07-06 08:18:33.988808000,121271,2584.0925811666666,30.00130323333333,568.6124267578125,0.0,48.16628906140938,0.5813682079315186,-0.3378140926361084,0.0684080360675593,37.00160778333333,6.485393524169922,6.097901821136475,0.0386070471565737,0.0943236351013183,-0.0637321472167968,0.0076291941362659,27.000985633333336
16,2020-07-06 09:06:34.102307100,121319,2020-07-06 09:36:34.183849500,121349,2020-07-06 15:12:30.684254300,121685,2020-07-06 15:49:30.796401400,121722,2020-07-08 09:13:35.763725600,124206,2020-07-08 09:34:35.849095100,124227,2908.0291131333333,30.001359033333333,2.896817445755005,0.0,0.2674580865188209,0.0671057701110839,-0.2209525108337402,0.0244405516391022,37.00186911666666,6.495591163635254,6.097901821136475,0.0468864303065244,0.0943236351013183,-0.0599513053894043,0.0071577584900236,21.001422816666665
17,2020-07-13 13:22:59.330628100,127681,2020-07-13 13:56:59.400559100,127715,2020-07-13 18:33:59.918826700,127992,2020-07-13 19:12:00.034299100,128030,2020-07-13 19:57:00.083906600,128075,2020-07-14 09:28:01.581608000,128886,1205.0375163166668,34.00116551666667,3.301138401031494,0.0,0.4596348126186315,0.5188769102096558,-1.08152973651886,0.1453810039758849,38.00192453333333,6.482844829559326,6.01377534866333,0.1293549875179264,0.1325631141662597,-0.0388975143432617,0.0347725505554041,811.0249616833333
18,2020-08-12 10:34:20.146307800,167645,2020-08-12 12:54:20.490391900,167785,2020-08-12 17:59:21.220413900,168090,2020-08-12 18:47:21.330678100,168138,2020-08-13 09:40:23.403983400,169027,2020-08-13 10:11:23.482385300,169058,1417.055601283333,140.00573473333333,2.7849230766296387,0.0,0.2193510889247527,0.0731557607650756,-0.2560446262359619,0.0315857692197608,48.00183773333333,6.485393524169922,6.069859504699707,0.0334355163372986,0.1198163032531738,-0.0599513053894043,0.0129349186939369,31.001306683333333
19,2020-08-13 10:39:40.453742100,169086,2020-08-13 11:11:40.531453800,169118,2020-08-13 15:55:41.234992900,169402,2020-08-13 16:36:41.345755100,169443,2020-08-14 10:02:55.512967400,170489,2020-08-14 10:27:55.581100400,170514,1428.252122633333,32.00129518333333,2.9889731407165527,0.0,0.2902476261758631,0.0580148696899414,-0.1760375499725341,0.0235132848182792,41.00184603333333,6.442055702209473,6.118296146392822,0.037475418038484,0.1357707977294922,-0.0662813186645507,0.010037882631191,25.00113555
20,2020-08-14 11:14:55.679153600,170561,2020-08-14 11:48:55.756929000,170595,2020-08-14 16:25:56.412292600,170872,2020-08-14 17:02:56.496007000,170909,2020-08-15 08:26:58.625542900,171833,2020-08-15 08:57:58.666618600,171864,1303.0497910833333,34.00129625,2.8632619380950928,0.0,0.3395115334533163,0.0530500411987302,-0.133413553237915,0.0195188346136561,37.00139523333333,6.500689506530762,6.087704658508301,0.0391425749013671,0.1376614570617675,-0.1351127624511718,0.0124529766605382,31.00068458333333
21,2020-08-18 12:48:40.554153300,173893,2020-08-18 13:19:40.648283600,173924,2020-08-18 18:06:41.443186600,174211,2020-08-18 18:46:41.558589200,174251,2020-08-19 09:09:44.019308500,175114,2020-08-19 09:40:44.064437500,175145,1252.0585047333334,31.001568833333334,2.935647964477539,0.0,0.3083159590823107,0.2044988870620727,-0.2455487251281742,0.0389240758866349,40.00192336666667,6.495591163635254,6.052014350891113,0.047844631517706,0.1300139427185058,-0.0599513053894043,0.0105789565425535,31.00075215
22,2020-08-19 16:14:45.208106500,175539,2020-08-19 16:50:45.302718800,175575,2020-08-19 21:47:46.157685600,175872,2020-08-19 22:29:46.275020300,175914,2020-08-20 12:58:48.759783100,176783,2020-08-20 13:29:48.837313300,176814,1275.0604867666666,36.00157686666667,3.2282943725585938,0.0,0.3771478061824808,0.8797646760940547,-0.6496142148971558,0.0728837235625451,42.001955566666666,6.47009801864624,6.1004509925842285,0.044514088008783,0.1300139427185058,-0.0599513053894043,0.0110311441550663,31.001292166666666
23,2020-08-21 08:15:52.009544100,177935,2020-08-21 08:51:52.099929300,177971,2020-08-21 12:30:52.744527100,178190,2020-08-21 13:49:52.952103700,178269,2020-08-21 16:30:53.406677100,178430,2020-08-21 17:12:53.535493900,178472,537.0254324833334,36.001506416666665,2.985901594161988,0.0,0.42097049626565,0.3369259834289551,-0.5327374935150142,0.1108909751633054,79.0034596,6.286549091339111,6.057113170623779,0.0322250597705709,0.0739297866821289,-0.03125,0.01237355916027,42.00214693333333
24,2020-08-21 17:34:53.592797700,178494,2020-08-21 18:18:53.710355000,178538,2020-08-21 23:41:54.629738700,178861,2020-08-22 00:22:54.755937500,178902,2020-08-24 09:21:04.210557500,182320,2020-08-24 09:50:04.310133200,182349,3855.17862225,44.001959283333335,2.942171096801758,0.0,0.5416839513617806,0.9061529636383056,-0.1531660556793213,0.0540488270805154,41.0021033,6.472647190093994,6.057113170623779,0.0502081124291906,0.1274647712707519,-0.0599513053894043,0.0079068440275512,29.00165958333333
25,2020-08-27 12:54:32.320883400,186818,2020-08-27 13:29:32.424813800,186853,2020-08-27 18:43:33.336323600,187167,2020-08-27 19:24:33.451729600,187208,2020-08-28 07:52:35.587348400,187956,2020-08-28 08:24:35.686201700,187988,1170.0560886333333,35.00173216666667,2.9643309116363525,0.0,0.3437207660688723,0.1255371570587158,-0.1276283264160147,0.035402563838408,41.00192343333333,6.475196838378906,6.064102649688721,0.0727147984873911,0.1300139427185058,-0.059950828552246,0.0103554285478017,32.00164755
26,2020-08-28 09:08:35.804875600,188032,2020-08-28 09:44:35.916628700,188068,2020-08-28 14:31:36.743754000,188355,2020-08-28 15:15:36.883536200,188399,2020-08-28 16:39:37.132841600,188483,2020-08-28 17:12:37.228238400,188516,484.0237227,36.001862550000006,2.9601809978485107,0.0,0.3807135537300489,0.2098027467727661,-0.160341739654541,0.0451326604517602,44.0023297,6.468207359313965,6.113197326660156,0.0515184951630253,0.1172671318054199,-0.048436164855957,0.021084459742927,33.001589933333335
27,2020-08-29 11:10:40.307139600,189594,2020-08-29 11:43:40.411822100,189627,2020-08-29 16:30:41.243681000,189914,2020-08-29 17:21:41.394477800,189965,2020-08-31 02:50:47.109018900,191974,2020-08-31 10:26:48.409605200,192430,2836.1350410833334,33.0017447,3.620639801025391,0.0,0.4529624931488472,0.168428897857666,-0.2489538192749023,0.0418157849008715,51.00251326666667,6.498140335083008,6.000370025634766,0.1042910671553029,0.1051793098449698,-0.0599513053894043,0.0080815394624845,456.02167643333337
28,2020-10-01 13:24:07.236987000,197704,2020-10-01 13:57:07.377006800,197737,2020-10-01 18:40:08.506562800,198020,2020-10-01 19:17:08.668604900,198057,2020-10-02 09:49:11.871464100,198929,2020-10-02 10:25:11.967848700,198965,1261.0788476833334,33.00233365,3.292926073074341,0.0,0.3742868774146627,0.2361633777618408,-0.2821366786956791,0.047289468718611,37.0027007,6.495591163635254,6.110648155212402,0.0458199675343981,0.1351122856140136,-0.0599513053894043,0.0100697673247179,36.0016064
29,2020-10-02 11:02:12.087670400,199002,2020-10-02 11:38:12.190408500,199038,2020-10-02 17:18:13.493087600,199378,2020-10-02 17:58:13.654907100,199418,2020-10-05 09:25:28.166199300,203225,2020-10-05 10:05:28.283214300,203265,4263.269925716667,36.0017123,2.890394687652588,0.0,0.3650094226105475,0.2267820835113516,-0.1671724319458012,0.0331175670658986,40.00269698333333,6.529390335083008,6.1004509925842285,0.0665359951324224,0.1300134658813476,-0.0943236351013183,0.0101249327226571,40.00195025
30,2020-10-06 12:59:34.361069300,204879,2020-10-06 13:30:34.482774600,204910,2020-10-06 18:22:35.501219200,205202,2020-10-06 19:03:35.585936700,205243,2020-10-07 13:14:39.900702500,206334,2020-10-07 13:56:40.074979800,206376,1497.0952318333334,31.00202841666667,3.794294595718384,0.0,1.0663540838557484,0.2080287933349609,-0.2271053791046142,0.0557695647562084,41.001411950000005,6.490492343902588,6.087704658508301,0.0533981459067304,0.1376614570617675,-0.0599513053894043,0.0088900711229103,42.00290461666667
31,2020-10-08 09:46:44.809160800,207566,2020-10-08 10:17:44.940939600,207597,2020-10-08 13:51:45.870635700,207811,2020-10-08 14:35:46.005575100,207855,2020-10-08 16:36:46.399243700,207976,2020-10-08 17:57:46.743877700,208057,491.0322452666667,31.0021963,2.8619699478149414,0.0,0.3121259074410214,0.2062804698944083,-0.1831324100494384,0.054749812175186,44.00224898333333,6.498798370361328,6.085155010223389,0.0493244128270469,0.1249151229858398,-0.2377419471740722,0.0299349779570365,81.0057439
32,2020-10-13 16:57:14.410382500,215196,2020-10-13 17:24:14.542865300,215223,2020-10-13 19:06:14.992364800,215325,2020-10-13 19:46:15.112366100,215365,2020-10-14 10:07:18.470583700,216226,2020-10-14 11:16:18.742035600,216295,1099.0721942166667,27.00220803333333,2.994872093200684,0.0,0.4484479403744525,0.0065782070159912,-0.1236569881439213,0.026129042871123,40.00200001666666,6.487942695617676,6.04181718826294,0.0702927402211655,0.1587142944335937,-0.059950828552246,0.0108680535782692,69.00452418333333
33,2020-10-14 19:02:20.601514900,216621,2020-10-14 19:35:20.789657100,216654,2020-10-14 23:27:21.595119400,216886,2020-10-15 00:06:21.788695000,216925,2020-10-15 12:41:24.579669100,217680,2020-10-15 13:52:24.870950800,217751,1130.07115725,33.0031357,3.199280261993408,0.0,0.7616426487876659,0.1911935806274414,-0.2021954059600821,0.0430154798463015,39.00322625,6.487942695617676,6.110648155212402,0.0576860037332395,0.1300139427185058,-0.0599513053894043,0.01046252623283,71.00485468333333
34,2020-10-15 14:23:25.054132500,217782,2020-10-15 14:59:25.141454100,217818,2020-10-15 19:51:26.282514400,218110,2020-10-15 20:32:26.426182200,218151,2020-10-16 13:22:30.220032000,219161,2020-10-16 13:58:30.396470800,219197,1415.0890389666667,36.00145535,2.84604811668396,0.0,0.3294964672694871,0.2285492420196542,-0.1116940975189209,0.0231464856283364,41.00239445,6.485393524169922,6.018873691558838,0.0642946113040067,0.1274642944335937,-0.0599503517150878,0.0106974813942484,36.00294063333333
35,2020-10-16 14:32:30.515672300,219231,2020-10-16 15:08:30.664092300,219267,2020-10-16 19:50:31.692358700,219549,2020-10-16 20:29:31.847618100,219588,2020-10-17 13:01:35.739494600,220580,2020-10-17 13:41:35.930720200,220620,1389.0902507833334,36.00247366666667,3.800969839096069,0.0,0.5163807310312243,0.3082969188690185,-0.2242681980133056,0.0401596378528283,39.00258765,6.490492343902588,6.021422863006592,0.0850360416351292,0.1274642944335937,-0.059950828552246,0.0106984925318493,40.00318708333334
36,2020-10-19 13:00:46.940009800,223459,2020-10-19 13:31:47.056928900,223490,2020-10-19 18:27:48.227691600,223786,2020-10-19 19:06:48.361819200,223825,2020-10-20 13:02:52.611295000,224901,2020-10-20 13:59:52.783659500,224958,1499.09739415,31.00194865,4.262129306793213,0.0,0.6190162776632452,0.2209200859069824,-0.2878074645996094,0.0502118626627207,39.00223544999999,6.47774600982666,6.018873691558838,0.0897409381553739,0.1325631141662597,-0.059950828552246,0.0095250137350965,57.00287273333333
37,2020-10-21 14:10:55.974193000,226409,2020-10-21 14:57:56.156449200,226456,2020-10-21 19:18:57.203943600,226717,2020-10-21 19:55:57.350952600,226754,2020-10-22 13:01:01.062562500,227779,2020-10-22 13:43:01.221682500,227821,1412.08745815,47.0030376,3.193959951400757,0.0,0.443633534626549,0.0131802558898925,-0.0929870605468754,0.0111470918446686,37.00245015,6.638350963592529,6.003577709197998,0.1645947001441438,0.163154125213623,-0.0599513053894043,0.0128370825507896,42.002652
38,2020-10-22 14:18:01.376574700,227856,2020-10-22 14:54:01.510016900,227892,2020-10-22 19:33:02.541962900,228171,2020-10-22 20:15:02.732750400,228213,2020-10-23 12:55:06.598902800,229213,2020-10-23 13:28:06.729665400,229246,1390.0892181666668,36.00222403333333,3.5411157608032227,0.0,0.4320533771236519,0.2272911071777343,-0.1983642578125,0.0388137691224738,42.00317978333333,6.487942695617676,6.033510684967041,0.0929241550251644,0.119816780090332,-0.059950828552246,0.0086852360357299,33.00217936666667
39,2020-10-23 14:16:06.918151600,229294,2020-10-23 14:51:07.060464000,229329,2020-10-23 19:31:08.196965900,229609,2020-10-23 20:11:08.346576700,229649,2020-10-24 12:50:12.320702700,230648,2020-10-24 13:24:12.469534300,230682,1388.0925230333337,35.002371866666664,3.9235999584198,0.0,0.5219667932697646,0.2265450954437255,-0.1522905826568603,0.0392617538713602,40.0024935,6.500689506530762,6.052014350891113,0.1099205634862224,0.1300139427185058,-0.059950828552246,0.0114427538226964,34.002480516666665
40,2020-10-24 13:41:12.574185000,230699,2020-10-24 14:16:12.696423000,230734,2020-10-24 19:56:14.012205900,231074,2020-10-24 20:37:14.145712100,231115,2020-10-25 21:08:19.788584900,232586,2020-10-26 10:10:22.877729800,233368,2669.171725733333,35.0020373,3.3259761333465576,0.0,0.4321156818442377,0.2657079696655278,-0.2298452854156494,0.043145586997706,41.0022251,6.482844829559326,6.000370025634766,0.0985095963997728,0.1306719779968261,-0.0599513053894043,0.0089177761655461,782.0514857333333
41,2020-10-26 13:02:23.473119800,233540,2020-10-26 13:33:23.614594200,233571,2020-10-26 18:15:24.579855400,233853,2020-10-26 18:56:24.739730800,233894,2020-10-27 12:56:28.816155300,234974,2020-10-27 13:29:29.004547700,235007,1467.09219045,31.0023579,3.142979621887207,0.0,0.3977919526973599,1.4858685731887822,-0.2555203437805176,0.1031185913182732,41.00266458333333,6.496249198913574,6.052014350891113,0.0360305775437892,0.1249151229858398,-0.1759009361267089,0.0109103973171072,33.003139866666665
42,2020-10-27 13:58:29.077022500,235036,2020-10-27 14:34:29.174077600,235072,2020-10-27 19:13:30.226560300,235351,2020-10-27 19:55:30.354845600,235393,2020-10-27 20:42:30.515408800,235440,2020-10-28 13:39:34.312678600,236457,1421.0872609333337,36.001617583333335,3.5157384872436523,0.0,0.4658473721573695,0.2886669635772705,-0.2027323246002197,0.0396074671469923,42.00213808333333,6.495591163635254,6.011226177215576,0.1440680690814818,0.1121683120727539,-0.0439958572387695,0.0314673291775285,1017.0632878166668
43,2020-10-28 14:03:34.401461100,236481,2020-10-28 14:40:34.473224100,236518,2020-10-28 19:18:35.674363900,236796,2020-10-28 19:59:35.902848700,236837,2020-10-29 13:04:39.963813900,237862,2020-10-29 13:41:40.178992900,237899,1418.0962921833334,37.00119605,3.545105695724488,0.0,0.4809283842553822,0.1962425708770756,-0.2020354270935058,0.0334512452705902,41.00380806666667,6.500689506530762,6.044366359710693,0.0756565075888408,0.1249151229858398,-0.0599513053894043,0.0100692339373505,37.00358631666666
44,2020-10-29 14:07:40.243057800,237925,2020-10-29 14:42:40.400887100,237960,2020-10-29 19:22:41.521038000,238240,2020-10-29 20:01:41.659024500,238279,2020-10-30 08:58:44.725072300,239056,2020-10-30 09:41:44.872119100,239099,1174.077151016667,35.002630483333334,3.5254907608032227,0.0,0.4500053840178889,0.2011752128601074,-0.2187366485595703,0.0385997750968022,39.00229976666667,6.487942695617676,6.052014350891113,0.0579794883082883,0.1325626373291015,-0.0599513053894043,0.0107030553169661,43.00245076666667
45,2020-11-01 17:49:57.725825700,242467,2020-11-02 14:17:02.206822600,243687,2020-11-17 17:51:22.728166900,263588,2020-11-17 18:31:22.745371200,263628,2020-11-18 09:23:22.883094500,264520,2020-11-18 09:56:22.892772400,264553,24006.4194491,1227.0746832666666,699.9341430664062,0.0,266.7435989927983,1.079287767410278,-0.2923941612243648,0.0528786315757802,40.00028673333334,6.493041515350342,6.062211513519287,0.0743697931315659,0.0968732833862304,-0.0574011802673339,0.010412610554628,33.000161283333334
46,2020-11-18 10:43:22.889473500,264600,2020-11-18 11:16:22.850109000,264633,2020-11-18 15:36:22.889778500,264893,2020-11-18 16:16:22.888094700,264933,2020-11-19 12:37:23.049827600,266154,2020-11-19 13:15:23.080748400,266192,1592.0031879,32.99934391666667,2.904415845870972,0.0,0.4090258365632793,0.2234253883361816,-0.234876394271851,0.0478021510844365,39.999971933333335,6.487942695617676,6.026521682739258,0.0694626784269349,0.0968728065490722,-0.0599513053894043,0.0096423811794178,38.00051533333333
47,2020-11-19 13:49:23.098089100,266226,2020-11-19 14:24:23.108266600,266261,2020-11-19 18:42:23.107790000,266519,2020-11-19 19:25:23.058186400,266562,2020-11-20 12:49:23.189777300,267606,2020-11-20 13:23:23.215182900,267640,1414.0019515499998,35.00016961666667,2.994872093200684,0.0,0.4744786838486144,0.1799201965332031,-0.1679711341857919,0.0408149954620297,42.999173266666666,6.495591163635254,6.1004509925842285,0.0536300847194203,0.0688309669494628,-0.0599513053894043,0.0099820926370358,34.00042341666667
48,2020-11-20 14:16:23.218804400,267693,2020-11-20 14:52:23.201789400,267729,2020-11-20 19:10:23.191429800,267987,2020-11-20 19:53:23.160567700,268030,2020-11-22 18:35:23.559369700,270832,2020-11-23 13:14:23.583433900,271951,4258.00607715,35.999716416666665,3.0603833198547363,0.0,0.5084172828662108,0.1945319175720214,-0.1864924430847172,0.0477942452720789,42.99948561666667,6.490492343902588,6.000370025634766,0.1136548051776916,0.0611824989318847,-0.0599513053894043,0.0095878397945552,1119.0004010666669
49,2020-11-23 14:00:23.624620500,271997,2020-11-23 14:34:23.651153800,272031,2020-11-23 19:10:23.663361600,272307,2020-11-23 19:49:23.629767000,272346,2020-11-24 12:43:23.575136900,273360,2020-11-24 13:29:23.580212800,273406,1408.9992598666663,34.00044221666666,2.908087968826294,0.0,0.4262590553968187,0.0780223608016967,-0.1317722797393794,0.0206450741380374,38.99944008333333,6.498798370361328,6.124053001403809,0.0737551223213869,0.0713796615600586,-0.059950828552246,0.0103650009536768,46.00008458333333
50,2020-11-24 14:14:23.597049300,273451,2020-11-24 14:46:23.592405500,273483,2020-11-24 19:13:23.704412000,273750,2020-11-24 19:51:23.688836200,273788,2020-11-25 09:26:23.785893300,274603,2020-11-25 10:12:23.755179300,274649,1198.0026355,31.9999226,2.942171096801758,0.0,0.4148924878287968,0.1904666423797607,-0.1900076866149902,0.0468684444642129,37.9997404,6.487942695617676,6.090253829956055,0.0635357028312606,0.0713801383972176,-0.0599513053894043,0.0099092803730955,45.9994881
51,2020-11-25 10:46:23.776459800,274683,2020-11-25 11:19:23.765313300,274716,2020-11-25 15:46:23.886744200,274983,2020-11-25 16:30:23.903327700,275027,2020-11-26 12:40:23.994141700,276237,2020-11-26 13:22:24.034007400,276279,1596.00429245,32.99981421666667,3.0266101360321045,0.0,0.3870225150115207,0.2067189216613769,-0.2007601261138916,0.0470153888030093,44.000276383333336,6.480295181274414,6.092803001403809,0.0755936651899252,0.0771374702453613,-0.0599513053894043,0.0092678195483654,42.00066441666667
52,2020-11-27 10:14:24.183312700,277531,2020-11-27 10:41:24.184429600,277558,2020-11-27 15:15:24.235440000,277832,2020-11-27 15:56:24.239875600,277873,2020-11-28 09:12:24.290786500,278909,2020-11-28 09:47:24.289074500,278944,1413.0017626833333,27.0000186,4.175526142120361,0.0,0.5771763487442602,0.3436098098754883,-0.2740960121154789,0.0545446635600657,41.000073916666665,6.495591163635254,6.04181718826294,0.0663443716334741,0.0968732833862295,-0.059950351715087,0.0109206918653041,34.999971466666665
53,2020-11-28 10:35:24.318995900,278992,2020-11-28 11:01:24.355378500,279018,2020-11-28 16:06:24.358724600,279323,2020-11-28 16:48:24.372635400,279365,2020-11-29 23:02:24.253247700,281179,2020-11-30 13:12:24.217851400,282029,3036.99831425,26.000606366666663,3.5254907608032227,0.0,0.492811887483892,0.2839467525482178,-0.3383214473724365,0.0601829834180281,42.00023183333334,6.493041515350342,6.000370025634766,0.1187229589725904,0.0892252922058105,-0.0599513053894043,0.0105160121858909,849.99941005
54,2020-11-30 13:58:24.239844300,282075,2020-11-30 14:27:24.226075300,282104,2020-11-30 20:19:24.251844800,282456,2020-11-30 21:04:24.265133900,282501,2020-12-01 09:13:24.115347400,283230,2020-12-01 10:30:24.083021300,283307,1231.9973862833333,28.99977051666667,2.887190103530884,0.0,0.3440725118919102,0.0486381053924559,-0.2467195987701416,0.0251226286514457,45.00022148333333,6.498798370361328,6.074958324432373,0.0697471302877276,0.0688309669494628,-0.0599513053894043,0.0111339244148476,76.99946121666667
55,2020-12-02 14:35:24.125691700,284951,2020-12-02 15:01:24.086023900,284977,2020-12-02 21:49:24.072296700,285385,2020-12-02 22:33:24.025714200,285429,2020-12-03 09:08:35.130888900,286051,2020-12-03 09:57:35.114295400,286100,1162.1831433833331,25.99933886666667,2.971700668334961,0.0,0.3336529122836471,0.2263238430023193,-0.4247903823852539,0.0575534274881713,43.99922361666667,6.495591163635254,6.0469160079956055,0.0741383014959061,0.0892252922058105,-0.059950351715087,0.0112126483398368,48.99972343333333
56,2020-12-07 10:09:34.723774700,291872,2020-12-07 10:36:34.714259400,291899,2020-12-07 18:22:34.859363100,292365,2020-12-07 19:23:34.873838800,292426,2020-12-08 08:40:14.801540400,293210,2020-12-08 09:25:14.745258500,293255,1395.667024716667,26.9998414,3.6106107234954834,0.0,0.5340419305662336,0.3009796142578125,-0.3452646732330322,0.06121650836519,61.00024125,6.490492343902588,6.080056667327881,0.0663993440138409,0.0790281295776367,-0.1102786064147949,0.0116473341070117,44.999061966666666
57,2020-12-08 10:47:14.749920000,293337,2020-12-08 11:20:14.742844500,293370,2020-12-08 18:46:14.665770600,293816,2020-12-08 19:35:14.612832700,293865,2020-12-10 08:00:15.073265200,296050,2020-12-10 08:46:15.087953100,296096,2759.0056338833333,32.999882066666665,167.04335021972656,0.0,19.618696178371245,0.1965603828430175,-0.2410902976989746,0.0506530413330728,48.999117700000006,6.493041515350342,6.049465179443359,0.0857109739166385,0.1051793098449707,-0.0599513053894043,0.0110746358031285,46.00024478333333
58,2020-12-11 10:14:15.139072400,297624,2020-12-11 10:39:15.163168300,297649,2020-12-11 16:14:15.238565800,297984,2020-12-11 16:56:15.302605800,298026,2020-12-12 07:58:15.525527000,298928,2020-12-12 08:26:15.492670000,298956,1332.0058932833333,25.00040158333333,3.1760916709899902,0.0,0.4096655670098608,0.2167245149612426,-0.3556776046752938,0.0624129419308995,42.00106733333334,6.498798370361328,6.057771682739258,0.0640994115915403,0.0618410110473641,-0.0599513053894043,0.0108934970396106,27.99945238333333
59,2020-12-12 09:05:15.528842400,298995,2020-12-12 09:31:15.550893900,299021,2020-12-12 15:06:15.559626100,299356,2020-12-12 15:43:15.550234900,299393,2020-12-14 09:33:58.133600900,300868,2020-12-14 10:01:58.153947500,300896,2936.710418416667,26.000367516666664,2.9692940711975098,0.0,0.2986598352389819,0.0784337520599365,-0.2710669040679931,0.0282931572555835,36.99984346666667,6.498798370361328,6.000370025634766,0.0995571510657953,0.0822358131408691,-0.1351127624511718,0.0111170818904821,28.0003391
60,2020-12-15 11:17:58.118301800,302412,2020-12-15 11:44:58.104412600,302439,2020-12-15 19:08:58.080972700,302883,2020-12-15 19:43:58.121781000,302918,2020-12-16 09:52:58.190196600,303767,2020-12-16 10:34:58.202155300,303809,1397.00139755,26.9997685,174.01255798339844,0.0,21.749779862804232,0.2398130893707275,-0.3136038780212398,0.0701595083922257,35.00068013333334,6.490492343902588,6.018873691558838,0.0945983583330578,0.0975313186645507,-0.0599513053894043,0.0113588997156439,42.0001993
61,2020-12-16 12:54:58.191111900,303949,2020-12-16 13:21:58.193696200,303976,2020-12-16 18:21:58.143047200,304276,2020-12-16 19:01:58.158248600,304316,2020-12-17 10:09:58.187041100,305224,2020-12-17 10:49:58.255694800,305264,1315.001076366667,27.000043066666667,2.79576063156128,0.0,0.2453418974490642,0.1376001834869384,-0.3281033039093031,0.0411054883880829,40.00025335,6.526841163635254,6.031620025634766,0.1031801600942745,0.0924329757690429,-0.0599503517150878,0.0104910474576676,40.00114421666667
62,2020-12-17 11:22:58.217610000,305297,2020-12-17 11:51:58.229795300,305326,2020-12-17 16:28:58.196086500,305603,2020-12-17 17:08:58.201058000,305643,2020-12-18 09:28:58.111399700,306623,2020-12-18 10:03:58.140638100,306658,1360.9987171333337,29.000203083333336,2.7147462368011475,0.0,0.2940728063616294,0.0460425615310668,-0.2783794403076172,0.0273896043242519,40.00008285,6.493041515350342,6.026521682739258,0.0616876817041372,0.0611829757690429,-0.0599513053894043,0.0097543103501784,35.0004873
63,2020-12-19 10:22:58.000952800,308117,2020-12-19 10:49:57.997943900,308144,2020-12-19 15:32:57.993394200,308427,2020-12-19 16:10:57.981344200,308465,2020-12-20 19:55:57.961784800,310130,2020-12-21 10:46:57.916714600,311021,2903.998596016667,26.99994985,3.242165327072144,0.0,0.3909838653936758,0.2151131629943847,-0.3105621337890625,0.0554988583505494,37.99979916666667,6.498798370361328,6.000370025634766,0.1258936680635315,0.0611824989318847,-0.0599513053894043,0.0107524552828095,890.9992488166666
64,2020-12-24 09:12:15.597826200,313464,2020-12-24 09:40:15.533674400,313492,2020-12-24 14:21:15.497808100,313773,2020-12-24 15:05:15.504072200,313817,2020-12-25 08:29:15.527718600,314861,2020-12-25 09:07:15.536587900,314899,1434.99897935,27.9989308,185.0998687744141,0.0,25.459600479214405,0.2145636081695556,-0.3663454055786133,0.075066835802238,44.000104400000005,6.498798370361328,6.049465179443359,0.035841198860132,0.059950828552246,-0.059950828552246,0.0098790823829602,38.00014781666666
65,2020-12-26 11:07:15.677185100,316459,2020-12-26 11:33:15.694260500,316485,2020-12-26 14:56:15.746821300,316688,2020-12-26 15:38:15.769001100,316730,2020-12-28 12:47:18.036703000,318929,2020-12-28 13:32:18.025062200,318974,3025.039131283333,26.00028458333333,2.879584789276123,0.0,0.4371819595620745,0.1633563041687011,-0.4343900680541992,0.0750155888924665,42.00036965,6.498140335083008,6.036718845367432,0.041732690167796,0.0599503517150878,-0.059950828552246,0.0088612069396063,44.99980598333333
66,2020-12-29 08:16:14.762940100,320098,2020-12-29 08:43:14.799020800,320125,2020-12-29 13:15:14.779497500,320397,2020-12-29 13:55:14.750508200,320437,2020-12-30 08:42:14.728789900,321564,2020-12-30 09:24:14.687274000,321606,1507.998738883333,27.000601333333336,3.262011766433716,0.0,0.4342804638348683,0.2107768058776857,-0.3961489200592036,0.0657299209659366,39.99951683333334,6.498798370361328,6.018873691558838,0.0644162714099425,0.0637321472167968,-0.059950828552246,0.0105410142254881,41.99930806666667
67,2020-12-31 11:11:14.547934200,323153,2020-12-31 11:39:14.511164800,323181,2020-12-31 17:07:14.497465700,323509,2020-12-31 17:50:14.523252600,323552,2021-01-01 08:00:14.316199800,324402,2021-01-04 13:21:17.277214400,325913,5890.045488000001,27.99938716666667,2.935647964477539,0.0,0.3137797112256353,0.2190325260162353,-0.3130371570587158,0.0509921925643188,43.00042976666667,6.498798370361328,6.00612735748291,0.082359447375221,0.059950828552246,-0.059950828552246,0.0094371383825166,4641.049350233333
68,2021-01-26 13:00:29.153691400,335723,2021-01-26 13:26:29.145838900,335749,2021-01-26 19:04:29.189319000,336087,2021-01-26 19:48:29.221341000,336131,2021-01-28 09:27:29.031943200,338390,2021-01-28 10:11:29.049825300,338434,2710.9982688833334,25.999869116666662,3.622650146484375,0.0,0.5445412362463996,0.2923424243927006,-0.3614342212677002,0.0580324775938346,44.0005337,6.498798370361328,6.0392680168151855,0.0748608326194343,0.0599513053894043,-0.0599513053894043,0.0110885543995914,44.00029803333334
69,2021-01-29 08:20:28.897305100,339763,2021-01-29 08:46:28.901597000,339789,2021-01-29 12:53:28.824943300,340036,2021-01-29 13:37:28.824168300,340080,2021-01-29 16:32:13.186254400,340254,2021-01-29 17:00:13.115648200,340282,519.7369723833333,26.000071516666665,2.77412748336792,0.0,0.2127950469224455,0.0576983690261838,-0.2890172004699707,0.0295908038264132,43.99998708333333,6.289098739624023,6.002919673919678,0.0318680773818728,0.0822353363037109,-0.0523028373718261,0.0143607798335478,27.998823216666665
70,2021-02-01 15:04:14.282343600,344486,2021-02-01 15:29:14.260002500,344511,2021-02-01 19:52:14.364899500,344774,2021-02-01 20:36:14.404315700,344818,2021-02-02 09:54:14.370812100,345616,2021-02-02 10:28:14.340252500,345650,1164.0009651333337,24.999627633333333,2.8569138050079346,0.0,0.4283651758925356,0.2586052417755122,-0.3521883487701416,0.0636980329492194,44.00065693333333,6.498798370361328,6.029070854187012,0.0536094178976458,0.079686164855957,-0.059950828552246,0.010763153013445,33.99949066666667
71,2021-02-03 13:02:14.963746300,347244,2021-02-03 13:28:14.937483700,347270,2021-02-03 18:06:14.903619000,347548,2021-02-03 18:56:14.903241900,347598,2021-02-04 12:35:15.062617700,348657,2021-02-04 13:02:15.112574100,348684,1440.00248045,25.999562283333333,2.70563006401062,0.0,0.4229412042634834,0.2017164230346675,-0.3399059772491455,0.0528361230726086,49.9999937,6.526841163635254,6.001028537750244,0.0812961476095428,0.0599503517150878,-0.0599503517150878,0.0120163778850523,27.000832600000003
72,2021-02-05 09:12:15.578095500,349894,2021-02-05 09:37:15.618910100,349919,2021-02-05 13:30:15.707541200,350152,2021-02-05 14:42:15.721020600,350224,2021-02-05 17:14:15.700711200,350376,2021-02-05 17:44:15.672996800,350406,512.0015816833334,25.00068023333333,3.504038095474243,0.0,0.5049235160221589,0.2343561649322512,-0.4127507209777827,0.0707647917111469,72.00022465,6.404475212097168,6.016324520111084,0.0611978584661586,0.059950828552246,-0.03125,0.012530710514128,29.99953808333333
73,2021-02-05 18:10:15.710780900,350432,2021-02-05 18:37:15.722579100,350459,2021-02-06 00:21:15.869142300,350803,2021-02-06 01:13:15.849671200,350855,2021-02-08 09:29:17.221569200,351343,2021-02-08 10:00:17.216407700,351374,3830.0250937666665,27.00019663333333,2.705724239349365,0.0,0.2795843001761013,0.0479835867881773,-0.298463106155395,0.0252016045547515,51.999675466666666,6.498798370361328,6.021422863006592,0.0596683828764622,0.059950828552246,-0.0599503517150878,0.0131415055817716,30.999913966666668
74,2021-02-08 12:50:17.272812500,351544,2021-02-08 13:17:17.310872100,351571,2021-02-08 18:01:17.426273200,351855,2021-02-08 18:49:17.414719600,351903,2021-02-09 09:01:17.741905000,352755,2021-02-09 09:40:17.745863400,352794,1250.0078841666666,27.000634316666662,3.774480104446411,0.0,0.5299568066601507,0.2441999912261963,-0.3324499130249028,0.0595458065629275,47.99980743333333,6.498798370361328,6.034169673919678,0.04002098755203,0.059950828552246,-0.0599503517150878,0.0109972546320501,39.00006596666666
75,2021-02-17 09:14:22.007000400,354850,2021-02-17 09:42:22.047244200,354878,2021-02-17 13:11:22.001484100,355087,2021-02-17 14:00:21.999506100,355136,2021-02-17 16:42:22.078775800,355298,2021-02-17 17:24:22.105535600,355340,490.00164225,28.000670716666665,4.166268825531006,0.0,0.7128662738866003,1.2380837202072144,-0.3806607723236084,0.1129070958111515,48.99996703333333,6.3076019287109375,6.001028537750244,0.0360163767748091,0.0618414878845214,-0.0337996482849121,0.0151590510494252,42.00044598333333
76,2021-02-19 10:42:22.736158200,357818,2021-02-19 11:08:22.758909500,357844,2021-02-19 16:10:22.933480900,358146,2021-02-19 16:58:22.991917800,358194,2021-02-20 09:57:23.632521100,359213,2021-02-20 10:57:23.618955200,359273,1455.014713283333,26.000379183333333,3.8484933376312256,0.0,0.7000995127553076,0.31378197669983,-0.3200588226318359,0.0568490988911905,48.00097393333333,6.498798370361328,6.018873691558838,0.0397604920139785,0.059950828552246,-0.2632355690002441,0.0150060769725749,59.9997739
77,2021-02-20 13:09:23.594812400,359405,2021-02-20 13:37:23.652792600,359433,2021-02-20 19:23:23.909042200,359779,2021-02-20 20:14:23.903520200,359830,2021-02-22 09:54:24.702619200,362090,2021-02-22 10:44:24.754269600,362140,2735.0193242833334,28.00096633333333,4.210420608520508,0.0,0.713772812235727,0.3603202104568479,-0.3228471279144287,0.0545692340692491,50.99990796666667,6.498798370361328,6.036718845367432,0.0305456695238197,0.059950828552246,-0.2611746788024902,0.0154023445133818,50.00086083333333
78,2021-02-23 10:03:25.211027800,363539,2021-02-23 10:30:25.213101700,363566,2021-02-23 15:15:25.370953100,363851,2021-02-23 18:16:25.408296100,364032,2021-02-23 18:26:25.376592100,364042,2021-02-24 13:12:25.808368000,365168,1629.0099556666669,27.00003455,3.7154641151428223,0.0,0.4860559448971854,0.2107915878295898,-0.4254717826843261,0.0584464212783502,181.0006223833333,6.278901100158691,6.008676528930664,0.0921437999013652,0.0822353363037109,-0.1988444328308105,0.0812366566835103,1126.00719625
79,2021-02-24 13:55:25.873697600,365211,2021-02-24 14:24:25.836613100,365240,2021-02-24 19:10:26.098287700,365526,2021-02-24 20:05:26.105255000,365581,2021-02-25 12:31:26.621396500,366567,2021-02-25 13:05:26.609717800,366601,1390.0122669999998,28.999381916666668,2.8788869380950928,0.0,0.2939988172424841,0.0382281541824338,-0.2475802898406982,0.0254124568828704,55.00011611666666,6.498798370361328,6.031620025634766,0.0389530348009374,0.059950828552246,-0.0599503517150878,0.0123452670656822,33.99980535
80,2021-02-26 13:48:27.104516700,368084,2021-02-26 14:17:27.179727600,368113,2021-02-26 18:57:27.232412900,368393,2021-02-26 19:42:27.347668500,368438,2021-02-27 08:40:27.514098100,369216,2021-02-27 09:21:27.533332700,369257,1173.0071469333334,29.0012535,2.8286349773406982,0.0,0.3739700306319722,0.1754254102706909,-0.2845163345336914,0.0513526102536056,45.00192091666667,6.498798370361328,6.0392680168151855,0.0381954493953574,0.0599503517150878,-0.0599503517150878,0.01076247581442,41.000320566666666
81,2021-02-27 10:01:27.498911500,369297,2021-02-27 10:28:27.574486000,369324,2021-02-27 14:12:27.622745000,369548,2021-02-27 15:11:27.602597900,369607,2021-02-27 15:48:27.634462100,369644,2021-03-01 10:06:28.380517100,372182,2885.014693416667,27.001259566666665,4.070307731628418,0.0,0.6357663480048538,0.2719573974609375,-0.33251953125,0.0635671232103233,58.9996642,6.15464448928833,6.011226177215576,0.0393721461833013,0.0363483428955078,-0.0375809669494628,0.0146512943188975,2538.01243425
82,2021-03-01 10:51:28.415453000,372227,2021-03-01 11:18:28.429793800,372254,2021-03-01 16:08:28.626622900,372544,2021-03-02 08:29:28.965915400,373525,2021-03-03 09:20:29.277111300,375016,2021-03-03 10:15:29.338767700,375071,2844.015388566667,27.000239,4.180160999298096,0.0,0.5622913963939427,0.2510914802551269,-0.3361110687255859,0.054941190336634,981.0056548666666,6.435066223144531,6.02972936630249,0.0745673826969494,0.0599503517150878,-0.059950828552246,0.0099234391699416,55.0010276
83,2021-03-03 12:54:29.330727800,375230,2021-03-03 13:22:29.353000400,375258,2021-03-03 18:14:29.543589100,375550,2021-03-03 19:01:29.517897100,375597,2021-03-04 12:33:29.777269200,376649,2021-03-04 13:32:29.812126400,376708,1478.0080233,28.0003712,3.9235999584198,0.0,0.647727699353892,0.2999728918075561,-0.2763087749481201,0.0542774069178394,46.9995718,6.291647911071777,6.011226177215576,0.0371617362505028,0.059950828552246,-0.059950828552246,0.0102578961081774,59.00058095
84,2021-03-09 16:02:09.730731500,381072,2021-03-09 16:20:09.714561200,381090,2021-03-09 18:15:09.727247600,381205,2021-03-09 18:59:09.742650000,381249,2021-03-10 09:38:09.886753500,382128,2021-03-10 10:47:09.839150300,382197,1125.001806966667,17.999730483333334,2.9145495891571045,0.0,0.4172041387304466,0.005118191242218,-0.426663875579834,0.0591265149612947,44.0002567,6.296746253967285,6.026521682739258,0.0289765623437469,0.0599503517150878,-0.0574021339416503,0.0099641827047307,68.9992066
85,2021-03-10 11:19:09.864842300,382229,2021-03-10 11:47:09.872103200,382257,2021-03-10 16:40:09.894417200,382550,2021-03-11 08:09:10.027616700,383479,2021-03-11 16:25:30.080271900,383748,2021-03-11 17:20:30.057352400,383803,1801.3365418333333,28.000121,3.825075626373291,0.0,0.6823694274576516,0.3013186454772949,-0.3717224597930912,0.0652643631200767,929.0022199833334,6.299295425415039,6.00612735748291,0.0299008375014157,0.0599503517150878,-0.0599503517150878,0.0219161294822109,54.999618000000005
86,2021-03-16 10:53:59.787280600,389159,2021-03-16 11:18:59.811396300,389184,2021-03-16 15:59:59.822284100,389465,2021-03-16 16:48:59.848985600,389514,2021-03-17 10:06:59.660541200,390552,2021-03-17 10:43:59.626246200,390589,1429.997316083333,25.000401916666664,2.863565444946289,0.0,0.3495411988720799,0.207122802734375,-0.4607594013214111,0.063061486735161,49.00044501666666,6.294196605682373,6.0392680168151855,0.0360644192975687,0.0669403076171875,-0.059950828552246,0.0098449951956095,36.99942841666667
87,2021-03-17 11:18:59.615179900,390624,2021-03-17 11:43:59.632170600,390649,2021-03-17 16:22:59.628868400,390928,2021-03-17 17:06:59.637365700,390972,2021-03-18 12:30:59.714685000,392136,2021-03-18 12:56:59.737404400,392162,1538.0020370666668,25.00028316666667,2.8160393238067627,0.0,0.3925162986044411,0.2721917629241943,-0.4423840045928955,0.0664192864756988,44.00014161666666,6.296746253967285,6.036718845367432,0.0310414904941543,0.059950828552246,-0.0599503517150878,0.0084312406166234,26.00037865
88,2021-03-18 13:23:59.688883900,392189,2021-03-18 13:50:59.698649800,392216,2021-03-18 18:28:59.727956700,392491,2021-03-18 19:20:59.693290600,392543,2021-03-19 09:47:59.683614000,393410,2021-03-19 10:25:59.676726000,393448,1261.9997973666666,27.00016275,2.9939472675323486,0.0,0.3244917343250345,0.1776812076568603,-0.4312505722045898,0.0554269781861286,51.999422216666666,6.296746253967285,6.001028537750244,0.0304898399530749,0.0599513053894043,-0.0337996482849121,0.0096444373614692,37.9998852
89,2021-03-19 10:50:59.676095600,393473,2021-03-19 11:17:59.671341000,393500,2021-03-19 15:57:59.800580800,393780,2021-03-19 16:46:59.775419500,393829,2021-03-20 09:52:59.883603900,394855,2021-03-20 10:23:59.916303200,394886,1413.00400345,26.99992075,2.6595847606658936,0.0,0.3490866524182117,0.2283692359924316,-0.387721300125122,0.0605987006882046,48.99958063333334,6.310151100158691,6.021422863006592,0.0238184458174994,0.0599503517150878,-0.0599503517150878,0.0090207629135981,31.00054498333333
90,2021-03-22 12:51:00.012587800,397913,2021-03-22 13:17:00.049576200,397939,2021-03-22 18:15:59.962842600,398238,2021-03-22 19:01:59.907067300,398284,2021-03-23 09:09:59.839638300,399132,2021-03-23 09:59:59.808580900,399182,1268.9965998833334,26.000616466666667,3.097965240478516,0.0,0.455488372872485,0.2326018810272216,-0.4982068538665771,0.0664619750507962,45.9990704,6.310151100158691,6.021422863006592,0.0263878004830016,0.059950351715087,-0.059950351715087,0.0097037145879449,49.99948236666667
91,2021-03-25 16:07:01.834402400,402429,2021-03-25 16:32:01.850007000,402454,2021-03-25 21:23:01.806624600,402745,2021-03-25 22:11:01.793601300,402793,2021-03-26 14:03:01.871481900,403745,2021-03-26 14:52:01.879470800,403794,1365.0007511333336,25.000260066666662,3.2032392024993896,0.0,0.5996106389271538,0.3051662445068359,-0.4881675243377685,0.0739281278234986,47.999782933333336,6.310151100158691,6.031620025634766,0.0283979847448305,0.0599513053894043,-0.0599513053894043,0.0080228010151191,49.00013313333333
92,2021-03-27 08:33:01.815912100,404855,2021-03-27 08:59:01.774970700,404881,2021-03-27 14:37:01.855945500,405219,2021-03-27 15:28:01.835275600,405270,2021-03-28 20:06:01.768302700,406118,2021-03-29 14:08:01.948530300,407200,3215.0022103,25.99931763333333,3.313082933425904,0.0,0.484935462185826,0.2780191898345947,-0.3364028930664062,0.0600584530833683,50.9996555,6.404475212097168,6.005468845367432,0.0524977277543882,0.0465455055236816,-0.0574016571044921,0.0147811476606112,1082.0030037833333
93,2021-03-29 14:42:01.936505500,407234,2021-03-29 15:09:01.928666500,407261,2021-03-29 18:55:01.890004800,407487,2021-03-29 19:52:01.869426200,407544,2021-03-30 09:26:01.894871500,408358,2021-03-30 10:15:01.828299100,408407,1172.99819655,26.99986935,2.860373020172119,0.0,0.4684914290460532,0.2308111190795898,-0.3401386737823486,0.0726803427249853,56.99965701666667,6.468207359313965,6.018873691558838,0.0419517112747665,0.0439968109130859,-0.0465455055236816,0.0090414291920027,48.99889045
94,2021-03-30 10:44:01.823100700,408436,2021-03-30 10:46:01.817866200,408438,2021-03-30 15:50:01.897854500,408742,2021-03-30 16:41:01.892135600,408793,2021-03-31 07:53:01.735262400,409705,2021-03-31 08:24:01.726705100,409736,1299.9983934000002,1.99991275,0.7595638632774353,0.0,0.3272413949786332,0.7522898247189005,-0.01716810464859,0.0438676490674052,50.99990468333333,6.498798370361328,6.003577709197998,0.0406806572801887,0.0599503517150878,-0.0599503517150878,0.0086940524753216,30.999857366666667
95,2021-03-31 09:06:01.745817900,409778,2021-03-31 09:32:01.764037800,409804,2021-03-31 13:50:01.805698000,410062,2021-03-31 14:41:01.824982700,410113,2021-03-31 18:03:01.780644700,410315,2021-03-31 18:27:01.769314900,410339,561.0003916166667,26.00030365,2.836381435394287,0.0,0.3208092522802058,0.1331737041473388,-0.3591234683990469,0.043759558187131,51.0003214,6.299295425415039,6.008676528930664,0.0312308801626818,0.0599503517150878,-0.0599503517150878,0.0144174074251918,23.999811166666667
96,2021-04-01 08:11:01.791377200,411163,2021-04-01 08:38:01.784155100,411190,2021-04-01 12:56:01.823798600,411448,2021-04-01 13:46:01.868631000,411498,2021-04-01 17:06:01.957707700,411698,2021-04-01 17:33:01.938171500,411725,562.0024465666667,26.999879616666664,2.7331531047821045,0.0,0.2746323230648781,0.2137564420700073,-0.3830540180206299,0.0455223992294366,50.0007472,6.310151100158691,6.01377534866333,0.0308871361716685,0.0331406593322753,-0.0337991714477539,0.0077554731201205,26.999674383333332
97,2021-04-01 18:08:01.955608900,411760,2021-04-01 18:35:01.995582800,411787,2021-04-01 22:53:01.962051900,412045,2021-04-01 23:44:01.945819900,412096,2021-04-02 10:02:01.969661900,412714,2021-04-02 10:35:01.982157500,412747,987.0004424666666,27.000666216666666,2.7677526473999023,0.0,0.2813852908659209,0.1292150020599365,-0.3604915142059326,0.0437488818539692,50.999729466666665,6.296746253967285,6.026521682739258,0.0273677222954954,0.0356898307800293,-0.059950828552246,0.0075581630343056,33.00020825
98,2021-04-06 08:28:02.001503000,418380,2021-04-06 08:53:02.019463600,418405,2021-04-06 13:17:02.035326000,418669,2021-04-06 14:03:01.993993600,418715,2021-04-07 12:37:01.894552300,420069,2021-04-07 13:16:01.907401900,420108,1727.9984316333332,25.00029933333333,2.945436477661133,0.0,0.4748750121452915,0.2220776081085205,-0.4594101905822754,0.0692590621597171,45.99931111666667,6.498798370361328,6.011226177215576,0.0395165139112143,0.059950828552246,-0.059950828552246,0.0129754724348374,39.000214150000005
99,2021-04-07 13:43:01.903725000,420135,2021-04-07 14:09:01.914276000,420161,2021-04-07 18:44:01.909556500,420436,2021-04-07 19:29:01.911043300,420481,2021-04-08 12:39:01.858630500,421511,2021-04-08 13:29:01.923512800,421561,1426.0003297833332,26.00017585,3.0569875240325928,0.0,0.4451897580545493,0.2249431610107422,-0.3933010101318355,0.0702739699854405,45.00002476666667,6.496249198913574,6.003577709197998,0.0424432084630579,0.059950828552246,-0.0337991714477539,0.0087605008065841,50.00108136666667
100,2021-04-08 14:04:01.888812400,421596,2021-04-08 14:30:01.882866700,421622,2021-04-08 19:22:01.937801500,421914,2021-04-08 20:12:01.998190300,421964,2021-04-10 09:22:01.771517700,424194,2021-04-10 09:59:01.744576400,424231,2634.9975960666666,25.9999009,2.642483949661255,0.0,0.2651612179706487,0.180531024932862,-0.3643102645874023,0.0439458884501143,50.00100646666667,6.498798370361328,6.01377534866333,0.0419868014707439,0.0599513053894043,-0.0599513053894043,0.0095585072489141,36.99955096666667
101,2021-04-10 10:39:01.775811400,424271,2021-04-10 11:06:01.745459400,424298,2021-04-10 15:36:01.847107100,424568,2021-04-10 16:22:01.855300700,424614,2021-04-12 12:37:01.806532800,427269,2021-04-12 13:16:01.787273200,427308,3037.0001910166666,26.99949413333333,3.5431387424468994,0.0,0.475915208917448,0.2884094715118406,-0.3806009292602539,0.0637284207435997,46.00013655,6.495591163635254,6.011226177215576,0.0273254362296652,0.059950828552246,-0.059950828552246,0.0068008296880471,38.999679
102,2021-04-12 13:42:01.800925100,427334,2021-04-12 14:08:01.810254400,427360,2021-04-12 18:42:01.869619400,427634,2021-04-12 19:29:01.904340200,427681,2021-04-13 09:55:01.822821500,428547,2021-04-13 10:36:01.854668600,428588,1254.0008957166667,26.000155483333334,3.3112475872039795,0.0,0.5146634184657128,0.2582311630249032,-0.4669606685638428,0.0718050545700545,47.00057866666667,6.498798370361328,6.031620025634766,0.0380185616516501,0.059950828552246,-0.059950828552246,0.0099171825325268,41.00053078333334
103,2021-04-13 11:01:01.808174800,428613,2021-04-13 11:27:01.790836800,428639,2021-04-13 16:01:01.843994100,428913,2021-04-13 16:54:01.883447600,428966,2021-04-14 09:24:01.845313800,429956,2021-04-14 10:07:01.800214800,429999,1385.9998673333332,25.99971103333333,2.9307658672332764,0.0,0.4342331386698174,0.2329052686691288,-0.3994622230529785,0.0674251592436677,53.00065755,6.373883247375488,6.00612735748291,0.0338432048946431,0.0599513053894043,-0.0599513053894043,0.0109293318339466,42.99924835
104,2021-04-14 10:41:01.856305900,430033,2021-04-14 11:07:01.822499700,430059,2021-04-14 15:51:01.845769300,430343,2021-04-14 16:37:46.948250500,430389,2021-04-16 08:15:46.956625800,432767,2021-04-16 08:58:46.954221700,432810,2777.7516319166666,25.99943655,3.3112475872039795,0.0,0.5001784269499921,0.2659237384796145,-0.3464446067810058,0.0673975319248655,46.75170801666666,6.498798370361328,6.001028537750244,0.0366392984244704,0.059950828552246,-0.059950828552246,0.0088764648914535,42.99995991666666
105,2021-04-16 09:40:46.994838300,432852,2021-04-16 10:08:46.974354400,432880,2021-04-16 14:55:32.140516000,433161,2021-04-16 15:41:32.150762000,433207,2021-04-17 12:49:32.384541900,434475,2021-04-17 13:30:32.376029300,434516,1669.7563531833332,27.9996586,3.188647985458374,0.0,0.5346783465055209,0.2721550464630136,-0.3359019756317138,0.0667925420083293,46.00017076666666,6.498798370361328,6.026521682739258,0.0384185480647652,0.059950828552246,-0.059950828552246,0.0090810731832408,40.999858116666665
106,2021-04-17 17:52:32.480550100,434778,2021-04-17 18:17:32.544632200,434803,2021-04-17 23:04:32.603454200,435090,2021-04-17 23:47:32.605815300,435133,2021-04-19 08:46:32.872387600,437112,2021-04-19 09:41:32.920201500,437167,2389.0073275166665,25.001068033333336,2.869621753692627,0.0,0.5131277278982711,0.2781229019165037,-0.4361095428466797,0.0722010999168631,43.00003935,6.498798370361328,6.036718845367432,0.0524706001965896,0.0599513053894043,-0.0599513053894043,0.0094125177014988,55.00079688333334
107,2021-04-19 11:11:32.910933500,437257,2021-04-19 11:36:32.908535800,437282,2021-04-19 16:23:33.116201600,437569,2021-04-19 17:05:33.157667300,437611,2021-04-21 12:52:33.456813500,440238,2021-04-21 13:32:33.479877200,440278,3021.0094823833333,24.99996003333333,3.2518210411071777,0.0,0.5421947994715498,0.2800109386444092,-0.4299697875976562,0.0704772368381386,42.00069108333333,6.498798370361328,6.04181718826294,0.0342832967637785,0.0643901824951171,-0.059950828552246,0.0146173852929631,40.00038438333333
108,2021-04-22 08:39:33.795460300,441425,2021-04-22 09:05:33.803091300,441451,2021-04-22 13:51:33.992584400,441737,2021-04-22 14:36:34.019310900,441782,2021-04-23 08:34:35.846074700,442856,2021-04-23 09:13:35.830261300,442895,1474.03391335,26.000127183333333,2.8238208293914795,0.0,0.4105939078469759,0.2385727167129516,-0.4396054744720459,0.0646278090272974,45.00044543333333,6.496249198913574,6.026521682739258,0.0374298338963474,0.059950828552246,-0.059950828552246,0.0098314328227303,38.99973643333333
109,2021-04-23 09:40:35.897051200,442922,2021-04-23 10:06:35.928757400,442948,2021-04-23 15:49:36.148694700,443291,2021-04-23 16:32:36.222646300,443334,2021-04-24 07:48:36.508918500,444250,2021-04-24 08:30:36.541908300,444292,1370.0107476166668,26.000528433333333,3.404937744140625,0.0,0.4210772027993573,0.2411636114120481,-0.4105038642883301,0.0595146623062408,43.00123251666666,6.498798370361328,6.001028537750244,0.0395708550405235,0.0599503517150878,-0.059950828552246,0.00919188474828,42.00054981666666
110,2021-04-24 08:58:36.616799500,444320,2021-04-24 09:25:36.629172200,444347,2021-04-24 14:04:36.782735400,444626,2021-04-24 14:51:36.841153700,444673,2021-04-26 12:38:38.171833500,447420,2021-04-26 13:20:38.165609300,447462,3142.0258134833334,27.0002062,2.662536859512329,0.0,0.3179788548252326,0.2037755250930784,-0.3462762832641601,0.0553518741138666,47.00097363333334,6.498798370361328,6.060320854187012,0.0395238512760415,0.059950828552246,-0.059950828552246,0.0092819955409053,41.99989625
111,2021-04-27 13:16:38.796678700,448890,2021-04-27 13:42:38.798987500,448916,2021-04-27 18:35:38.922384700,449209,2021-04-27 19:20:38.909517100,449254,2021-04-28 12:36:39.373497400,450290,2021-04-28 13:21:39.404373100,450335,1445.0101282333335,26.00003846666667,3.0688838958740234,0.0,0.5596250420629668,0.2937812805175781,-0.4053964614868173,0.0697133537674882,44.99978553333334,6.500689506530762,6.011226177215576,0.0408703343824038,0.059950828552246,-0.059950828552246,0.0087108212126792,45.00051458333333
112,2021-04-28 16:53:39.406142900,450547,2021-04-28 17:24:39.423467600,450578,2021-04-28 22:50:39.442633400,450904,2021-04-28 23:37:39.491823300,450951,2021-04-29 07:50:39.606390000,451444,2021-04-29 08:01:39.618703300,451455,908.0035426666668,31.00028873333333,2.9016427993774414,0.0,0.4671094242941366,0.1983377933502197,-0.2185776233673095,0.036669246456792,47.00081981666666,6.498798370361328,6.008676528930664,0.0629579881682412,0.0599503517150878,-0.1995034217834472,0.0130323766822127,11.000205216666666
